category,link,description
מדיטציה,https://www.youtube.com/watch?v=2OEL4P1Rz04,מדיטציה מודרכת נעימה
נשימות,https://youtu.be/1ZYbU82GVz4,תרגול נשימות להרגעה
כללי,https://www.headspace.com/meditation/guided-meditation,הדרכת מדיטציה כללית
הפגת מתחים,https://moodgym.com.au/,כלי עזר לניהול מתחים
מדיטציה,https://www.youtube.com/watch?v=2OEL4P1Rz04,מדיטציה מודרכת נעימה
נשימות,https://youtu.be/1ZYbU82GVz4,תרגול נשימות להרגעה
כללי,https://www.headspace.com/meditation/guided-meditation,הדרכת מדיטציה כללית
הפגת מתחים,https://moodgym.com.au/,כלי עזר לניהול מתחים
מדיטציה,https://www.youtube.com/watch?v=2OEL4P1Rz04,מדיטציה מודרכת נעימה
נשימות,https://youtu.be/1ZYbU82GVz4,תרגול נשימות להרגעה
כללי,https://www.headspace.com/meditation/guided-meditation,הדרכת מדיטציה כללית
הפגת מתחים,https://moodgym.com.au/,כלי עזר לניהול מתחים
מדיטציה,https://www.youtube.com/watch?v=2OEL4P1Rz04,מדיטציה מודרכת נעימה
נשימות,https://youtu.be/1ZYbU82GVz4,תרגול נשימות להרגעה
כללי,https://www.headspace.com/meditation/guided-meditation,הדרכת מדיטציה כללית
הפגת מתחים,https://moodgym.com.au/,כלי עזר לניהול מתחים
מדיטציה,https://www.youtube.com/watch?v=2OEL4P1Rz04,מדיטציה מודרכת נעימה
נשימות,https://youtu.be/1ZYbU82GVz4,תרגול נשימות להרגעה
כללי,https://www.headspace.com/meditation/guided-meditation,הדרכת מדיטציה כללית
הפגת מתחים,https://moodgym.com.au/,כלי עזר לניהול מתחים
מדיטציה,https://www.youtube.com/watch?v=2OEL4P1Rz04,מדיטציה מודרכת נעימה
נשימות,https://youtu.be/1ZYbU82GVz4,תרגול נשימות להרגעה
כללי,https://www.headspace.com/meditation/guided-meditation,הדרכת מדיטציה כללית
הפגת מתחים,https://moodgym.com.au/,כלי עזר לניהול מתחים
מדיטציה,https://www.youtube.com/watch?v=2OEL4P1Rz04,מדיטציה מודרכת נעימה
נשימות,https://youtu.be/1ZYbU82GVz4,תרגול נשימות להרגעה
כללי,https://www.headspace.com/meditation/guided-meditation,הדרכת מדיטציה כללית
הפגת מתחים,https://moodgym.com.au/,כלי עזר לניהול מתחים
מדיטציה,https://www.youtube.com/watch?v=2OEL4P1Rz04,מדיטציה מודרכת נעימה
נשימות,https://youtu.be/1ZYbU82GVz4,תרגול נשימות להרגעה
כללי,https://www.headspace.com/meditation/guided-meditation,הדרכת מדיטציה כללית
הפגת מתחים,https://moodgym.com.au/,כלי עזר לניהול מתחים
מדיטציה,https://www.youtube.com/watch?v=2OEL4P1Rz04,מדיטציה מודרכת נעימה
נשימות,https://youtu.be/1ZYbU82GVz4,תרגול נשימות להרגעה
כללי,https://www.headspace.com/meditation/guided-meditation,הדרכת מדיטציה כללית
הפגת מתחים,https://moodgym.com.au/,כלי עזר לניהול מתחים
מדיטציה,https://www.youtube.com/watch?v=2OEL4P1Rz04,מדיטציה מודרכת נעימה
נשימות,https://youtu.be/1ZYbU82GVz4,תרגול נשימות להרגעה
כללי,https://www.headspace.com/meditation/guided-meditation,הדרכת מדיטציה כללית
הפגת מתחים,https://moodgym.com.au/,כלי עזר לניהול מתחים
מדיטציה,https://www.youtube.com/watch?v=2OEL4P1Rz04,מדיטציה מודרכת נעימה
נשימות,https://youtu.be/1ZYbU82GVz4,תרגול נשימות להרגעה
כללי,https://www.headspace.com/meditation/guided-meditation,הדרכת מדיטציה כללית
הפגת מתחים,https://moodgym.com.au/,כלי עזר לניהול מתחים
מדיטציה,https://www.youtube.com/watch?v=2OEL4P1Rz04,מדיטציה מודרכת נעימה
נשימות,https://youtu.be/1ZYbU82GVz4,תרגול נשימות להרגעה
כללי,https://www.headspace.com/meditation/guided-meditation,הדרכת מדיטציה כללית
הפגת מתחים,https://moodgym.com.au/,כלי עזר לניהול מתחים
מדיטציה,https://www.youtube.com/watch?v=2OEL4P1Rz04,מדיטציה מודרכת נעימה
נשימות,https://youtu.be/1ZYbU82GVz4,תרגול נשימות להרגעה
כללי,https://www.headspace.com/meditation/guided-meditation,הדרכת מדיטציה כללית
הפגת מתחים,https://moodgym.com.au/,כלי עזר לניהול מתחים
מדיטציה,https://www.youtube.com/watch?v=2OEL4P1Rz04,מדיטציה מודרכת נעימה
נשימות,https://youtu.be/1ZYbU82GVz4,תרגול נשימות להרגעה
כללי,https://www.headspace.com/meditation/guided-meditation,הדרכת מדיטציה כללית
הפגת מתחים,https://moodgym.com.au/,כלי עזר לניהול מתחים
מדיטציה,https://www.youtube.com/watch?v=2OEL4P1Rz04,מדיטציה מודרכת נעימה
נשימות,https://youtu.be/1ZYbU82GVz4,תרגול נשימות להרגעה
כללי,https://www.headspace.com/meditation/guided-meditation,הדרכת מדיטציה כללית
הפגת מתחים,https://moodgym.com.au/,כלי עזר לניהול מתחים
מדיטציה,https://www.youtube.com/watch?v=2OEL4P1Rz04,מדיטציה מודרכת נעימה
נשימות,https://youtu.be/1ZYbU82GVz4,תרגול נשימות להרגעה
כללי,https://www.headspace.com/meditation/guided-meditation,הדרכת מדיטציה כללית
הפגת מתחים,https://moodgym.com.au/,כלי עזר לניהול מתחים
מדיטציה,https://www.youtube.com/watch?v=2OEL4P1Rz04,מדיטציה מודרכת נעימה
נשימות,https://youtu.be/1ZYbU82GVz4,תרגול נשימות להרגעה
כללי,https://www.headspace.com/meditation/guided-meditation,הדרכת מדיטציה כללית
הפגת מתחים,https://moodgym.com.au/,כלי עזר לניהול מתחים
מדיטציה,https://www.youtube.com/watch?v=2OEL4P1Rz04,מדיטציה מודרכת נעימה
נשימות,https://youtu.be/1ZYbU82GVz4,תרגול נשימות להרגעה
כללי,https://www.headspace.com/meditation/guided-meditation,הדרכת מדיטציה כללית
הפגת מתחים,https://moodgym.com.au/,כלי עזר לניהול מתחים
מדיטציה,https://www.youtube.com/watch?v=2OEL4P1Rz04,מדיטציה מודרכת נעימה
נשימות,https://youtu.be/1ZYbU82GVz4,תרגול נשימות להרגעה
כללי,https://www.headspace.com/meditation/guided-meditation,הדרכת מדיטציה כללית
הפגת מתחים,https://moodgym.com.au/,כלי עזר לניהול מתחים
מדיטציה,https://www.youtube.com/watch?v=2OEL4P1Rz04,מדיטציה מודרכת נעימה
נשימות,https://youtu.be/1ZYbU82GVz4,תרגול נשימות להרגעה
כללי,https://www.headspace.com/meditation/guided-meditation,הדרכת מדיטציה כללית
הפגת מתחים,https://moodgym.com.au/,כלי עזר לניהול מתחים
מדיטציה,https://www.youtube.com/watch?v=2OEL4P1Rz04,מדיטציה מודרכת נעימה
נשימות,https://youtu.be/1ZYbU82GVz4,תרגול נשימות להרגעה
כללי,https://www.headspace.com/meditation/guided-meditation,הדרכת מדיטציה כללית
הפגת מתחים,https://moodgym.com.au/,כלי עזר לניהול מתחים
מדיטציה,https://www.youtube.com/watch?v=2OEL4P1Rz04,מדיטציה מודרכת נעימה
נשימות,https://youtu.be/1ZYbU82GVz4,תרגול נשימות להרגעה
כללי,https://www.headspace.com/meditation/guided-meditation,הדרכת מדיטציה כללית
הפגת מתחים,https://moodgym.com.au/,כלי עזר לניהול מתחים
מדיטציה,https://www.youtube.com/watch?v=2OEL4P1Rz04,מדיטציה מודרכת נעימה
נשימות,https://youtu.be/1ZYbU82GVz4,תרגול נשימות להרגעה
כללי,https://www.headspace.com/meditation/guided-meditation,הדרכת מדיטציה כללית
הפגת מתחים,https://moodgym.com.au/,כלי עזר לניהול מתחים
מדיטציה,https://www.youtube.com/watch?v=2OEL4P1Rz04,מדיטציה מודרכת נעימה
נשימות,https://youtu.be/1ZYbU82GVz4,תרגול נשימות להרגעה
כללי,https://www.headspace.com/meditation/guided-meditation,הדרכת מדיטציה כללית
הפגת מתחים,https://moodgym.com.au/,כלי עזר לניהול מתחים
מדיטציה,https://www.youtube.com/watch?v=2OEL4P1Rz04,מדיטציה מודרכת נעימה
נשימות,https://youtu.be/1ZYbU82GVz4,תרגול נשימות להרגעה
כללי,https://www.headspace.com/meditation/guided-meditation,הדרכת מדיטציה כללית
הפגת מתחים,https://moodgym.com.au/,כלי עזר לניהול מתחים
